Rank,Word,Confidence,Score,Input_Sentence
1,uncertain,66.26749634742737,0.6626749634742737,The future of AI is [MASK].
2,unknown,12.653791904449463,0.12653791904449463,The future of AI is [MASK].
3,unclear,4.297142848372459,0.042971428483724594,The future of AI is [MASK].
4,bleak,0.9995863772928715,0.009995863772928715,The future of AI is [MASK].
5,clear,0.8023515343666077,0.008023515343666077,The future of AI is [MASK].
